,errorLimit,f1,fbest,freq,grad,sol,time
0,0.1,200,[3.6276691],"203.96250852259624, 819.345661305694, 1447.7022675245178, 1963.7707867084137, 2460.686231873626, 2982.73390918365",600,"[3.560551415453462, 6.325937694883191, 4.887898717619578, 2.42017396209371, 3.1124123444870917, 4.091313207363654, 2.56305171494941, 3.2077446053977345, 2.5787268067113884, 4.658671018344008, 3.294368774511235, 2.8273804353022602, 3.106940214563893, 3.0883272278970506, 3.1054233359147116, 4.444864651628823, 3.3206240907864437, 2.971826695488389, 3.8596672578300644, 4.074425450707109, 5.587260210287495, 3.285988407980844, 3.3786296514972274, 4.526632554063126, 4.473358523247882, 3.418419654122937, 2.4220163220781745, 4.143107775547106, 6.221338031916412, 3.060165257607517, 4.093868935461912, 2.3439260238558983, 2.2623706587380945, 3.3083153454032206, 2.310020942092674, 3.6885931912603276, 4.781425432250762, 4.245564432859381, 4.393583600617851, 3.7543994744841895]",3607.945279598236
1,0.1,200,[4.16862984],"197.87984396760172, 853.934126624954, 1383.4562081008355, 2054.8746111874093, 2426.3556039395107, 2988.6120129647607",600,"[2.9008830758120117, 3.6426948436559146, 4.1609860004124855, 3.4753268372712136, 3.092477352988644, 3.913757080652677, 3.496495443346465, 3.2997579278692113, 2.9095051950645328, 2.9910981736559217, 2.5906209246141696, 5.200954163078592, 3.6836969084722164, 3.544291333938798, 3.077575404584347, 4.5525039480653735, 4.668980291422013, 2.744386573904679, 3.308615509917016, 3.109204544143971, 2.8658090655445014, 5.323526276096374, 5.027180256199653, 3.387215188164213, 4.808926478229174, 4.302698145610853, 3.6233298326772063, 3.010496402126592, 3.599458699468735, 4.092231012627089, 2.1091485514939436, 2.6848344195216094, 2.39739155604279, 3.47309468544655, 3.647621570051257, 3.536240638782707, 3.3627339115835126, 2.650078273885099, 3.676421801356356, 3.883820647304473]",3612.994933128357
2,0.1,200,[2.60917742],"203.22054631238598, 778.4046826266228, 1388.3205284227513, 1973.7009772245035, 2434.141528107822, 3109.855822025452",600,"[4.0159146551788645, 2.3506600285993327, 4.602336247421072, 3.7322680852618997, 2.937727484126001, 2.915418799539699, 3.2168809849389453, 3.8483424996293625, 2.5769690605266358, 3.809180195602509, 2.9714918695516617, 3.4500004165783564, 2.997103360580999, 3.1700350708344502, 4.200796581205418, 3.1389882101993356, 2.81763875687257, 2.7886132305484415, 4.192908459722637, 2.6882607200626043, 3.0802386103345234, 3.9304293273967117, 3.0414800443676375, 4.666787878499305, 4.664839964327614, 2.8724936535072723, 3.6816706371341095, 2.3974947853693336, 2.913411064058648, 2.9119171742537997, 4.076653484658171, 4.7764304490001575, 4.1868862421475255, 3.6847602436301785, 3.0872623228887277, 2.8797865178481636, 4.000925731218395, 4.263329921870672, 3.255231533942594, 2.472712756848155]",3611.5435564517975
3,0.1,200,[4.66798527],"205.7145209939067, 801.9114635685919, 1605.5105435600494, 2143.975405459019, 2671.8166587095075, 3191.313786666822",600,"[3.5486641906459204, 2.3226943473046253, 3.0978269873962985, 3.674811561876526, 4.007026552091237, 3.0660677528058695, 2.7834867794927396, 3.1135757852317387, 5.480176167666312, 3.914097360412613, 2.8382211783815885, 3.8191802438432387, 3.8476361896077607, 3.3483071659036154, 2.303212378819123, 2.7071865755554407, 3.7554179522994, 3.962035104900942, 4.234378566391892, 3.616096358297193, 2.6276421157890946, 3.7666673061828453, 4.064533463882026, 3.3458019795809806, 2.738381372775018, 2.7895772806389085, 4.000500880865584, 3.763352066222653, 3.156161069013608, 3.616815942381553, 3.4549497812953947, 2.3728270837153005, 3.6282836077953076, 3.738531170044638, 4.2084977468612355, 3.3155784627374962, 2.9404284764385147, 3.7322619619874224, 3.582241810927283, 2.8649086355031868]",3635.5677485466003
4,0.1,200,[3.76610808],"185.77745492053847, 835.8413956382417, 1392.47360170832, 1993.240139316723, 2403.1326566724056, 3118.1507937069427",600,"[3.9410195917461097, 2.3298642416519475, 3.016399468062789, 3.406241437584866, 3.054539986428831, 3.651460528997618, 4.012221915734724, 3.393605544093584, 3.583263940831505, 2.191467169230053, 3.1968039593690016, 3.9359071736831264, 3.767079596417075, 3.4800593919539775, 3.18061123850872, 3.0013091432389243, 4.326131097556091, 3.33601214362808, 2.792917719448772, 2.9185278344568117, 2.8008194657321814, 4.519750508113257, 4.633576575178235, 3.229941285288564, 4.346164702078708, 2.8036679436739567, 2.8461995060544347, 2.706802719027945, 3.4037124280790376, 4.012355299611539, 4.075938003056713, 3.783132152897127, 3.579643913444656, 3.759892183396774, 3.1833851089000755, 4.94225884811867, 2.613586378628509, 2.650173916253596, 4.114942772953784, 2.9791619126823905]",3609.2292807102203
5,0.1,200,[4.72766603],"203.9182296457232, 842.4093839879359, 1411.2784024353898, 1941.101212613774, 2312.9035700961394, 2997.9840509047444",600,"[2.5670353193545763, 2.3972005342005853, 5.254472059062504, 3.014430608390296, 3.487795715231507, 2.884991840185995, 4.8826914937195705, 3.3713249739642266, 2.95630703048677, 2.670465395566961, 3.498184332729784, 3.9856364540177815, 5.594086246362968, 2.8625892078485067, 5.304293567093143, 5.257603010022099, 2.6274557319069927, 2.8814968110751082, 4.562229422367093, 3.278956969883626, 4.155178770443187, 3.272419632023722, 2.3833974250806778, 3.0293961321179474, 3.1300833342781935, 4.194700856207292, 3.277348657920846, 5.579457077523443, 4.566367502748704, 3.2534681053994876, 2.8292698030513206, 4.209214587941473, 3.5997488131723316, 3.039173449431354, 4.315859868360967, 3.0425639422956845, 4.0785670704479315, 6.472750543901259, 3.8235863057935537, 3.89437578983502]",3623.0896170139313
6,0.1,200,[5.12650761],"211.10689857293218, 802.7583483080845, 1362.9290027540785, 1818.6264232494043, 2574.603623017959, 3589.3571811569686",600,"[6.202287751723074, 3.8413782654088062, 3.137835158923117, 3.2231176298517017, 6.567440823207384, 2.5302983264405707, 3.4086932062705197, 4.060797658840789, 2.3608237855403873, 2.97606185739761, 4.9074490648755384, 4.258314454751315, 5.406879338112349, 4.337012324530587, 4.349026133210544, 3.6505149379234245, 2.8968417948847947, 3.077148620089047, 2.312693157572602, 4.761445486822843, 4.477602407525847, 2.940364769418193, 4.506883846717224, 3.2590092140544353, 2.8943401333256418, 4.839223647399587, 3.2594314211458197, 2.881705724859482, 3.4932713213062576, 3.2878402824333173, 2.8605995695205237, 3.1488570974874586, 3.3079726155280555, 3.400242256777595, 3.9114892579683906, 4.299704473930374, 5.077082668209946, 5.175971467589527, 4.35404179282948, 2.7307406920948445]",3606.0770761966705
7,0.1,200,[3.36787337],"210.7847850000611, 801.7473502470775, 1442.2087548041272, 1993.8081104854987, 2722.64942825316, 2990.251592852125",600,"[2.955249480744454, 3.1708205941283882, 4.027041875116062, 2.770369633067733, 2.624894539184011, 3.9902378791895803, 4.066642028366916, 3.3327054156990403, 3.4895203226822993, 3.568332994519984, 3.4061484273750713, 3.1359753900744147, 2.6541632201980745, 3.245850484242108, 3.5772026531865166, 2.943662352181031, 5.414040279267998, 3.301919710139034, 2.432170622637053, 4.655831705838234, 3.048980055945184, 2.128688534642259, 3.695086086134151, 4.653018231424073, 2.7667947652150184, 2.7347563697700226, 3.363593741579426, 4.344722911834685, 4.459841710524988, 2.8775662421323003, 2.167210414911564, 3.9276847373421524, 4.642730305841181, 3.085205197114481, 3.7567733513786745, 2.9457764930330184, 3.479529910806291, 3.6595722376597215, 2.7480832673072144, 3.118856464790481]",3633.8847370147705
8,0.1,200,[1.93206492],"205.54785420193136, 837.8758800333994, 1418.0834038959697, 1988.3147481949065, 2614.260801937331, 3253.105624003138",600,"[3.3766664178062036, 3.4775874363337156, 5.6727445692481195, 5.0062198284942045, 3.086688397143903, 2.2815697235604087, 5.368497517544438, 2.5399126977341164, 2.987558429969967, 4.740227244590067, 4.899781293073918, 3.170047368210167, 3.577520283362289, 4.2859878892172985, 4.329982364170441, 3.727346041148752, 2.719365431564252, 3.14149551581232, 3.281005571996223, 2.9410158561999813, 2.35269414311344, 2.380316890021559, 4.573819012003211, 3.7917238999284253, 3.520370889902339, 4.610462838426143, 6.2197125851228865, 4.0744893132407345, 3.4715320664533813, 3.189599311686037, 3.182747223093421, 3.5396108021191686, 2.602328287450215, 5.181131334758422, 3.5533212842710156, 3.143307072598199, 5.146472707157276, 3.1327442760329296, 4.776581834535557, 3.3858460735861664]",3619.9283740520477
9,0.1,200,[3.21105281],"198.7619045384688, 808.7924742345205, 1329.0956780994131, 1876.445553478479, 2578.349375306044, 3375.1416570836686",600,"[4.223389552528973, 3.26324291163178, 4.244534857027079, 2.7403804580163955, 5.582786295808345, 3.5556287555814894, 4.897455639060123, 4.526338714251604, 3.8880988885194645, 3.1179528961662903, 3.357169007484799, 3.0173899815743934, 2.9774735035889863, 2.422909417648136, 3.905425516867753, 2.6327365651234067, 3.3234077154467716, 2.744066212035003, 4.7159045089908815, 2.5666477940841914, 2.6271885509889232, 4.580398506405208, 2.4495736783909265, 3.6249980377277025, 5.257179977640982, 3.549637139738836, 3.6746023274839836, 3.9406636185478066, 4.102317823639119, 2.8195457811253255, 5.801838275378808, 2.169591059503133, 2.6093777308480757, 3.2762058930242324, 4.570907044763991, 3.9769587630498804, 2.8277723524136342, 3.3197995907451503, 4.642295560029441, 3.7240093829327763]",3622.3892941474915
10,0.1,200,[5.85343419],"174.4231440463958, 742.7055415646364, 1447.3318108390959, 1871.7731028563735, 2708.4411929568005, 3238.6357207265587",600,"[3.9682814409894043, 4.2807839466823685, 4.280802971856859, 2.9483683779981114, 3.693800589302837, 2.865913770151126, 3.198109681691446, 2.750279251328779, 2.8805234905032013, 3.6099610231721515, 3.0303544077741806, 3.2022509528675283, 4.001898796722144, 4.680725869499824, 2.560255134787591, 3.8126325842217224, 4.413262016968277, 2.652890867597721, 4.02987155444559, 5.88742684371636, 3.1085572970770667, 2.2895172647908115, 3.9732601008073134, 3.603318876324852, 2.277559540500672, 3.9180904014525693, 3.699823996771812, 3.9767012903772487, 2.675998440736264, 4.115051009016552, 3.247812709414949, 4.319820274253468, 3.7233078363912013, 3.0243470960673897, 3.534112173015482, 2.9461902235602393, 3.438999822923351, 4.608823665838172, 2.7243516510308043, 4.13814312130139]",3628.2387635707855
11,0.1,200,[4.05041295],"198.95832058083832, 758.2320886868846, 1505.9941774710849, 1902.3476842042423, 2567.4380941369677, 3044.651532567066",600,"[2.918485482992501, 2.2244939394620906, 3.827857383245118, 4.3300099569129635, 3.3546850938977855, 3.660787354346323, 3.422245690467809, 3.2372469800358723, 3.74977341051418, 3.1041009096381686, 2.41054906177841, 5.10291471533806, 3.037632788463051, 2.817229639172105, 3.9617530304510815, 3.448740789812698, 2.4655243923955754, 4.331483503125846, 3.405692350799163, 2.5266472537699314, 3.9255831808700177, 3.8454084320997435, 3.4054119811889096, 2.355483649571528, 3.085405396038321, 3.459135596525923, 4.098721247577502, 4.210529634854969, 2.9664352759997645, 5.102233883508119, 3.8325490662829367, 3.1624206442976703, 3.709425092564809, 2.864207569646377, 3.3759375557983513, 3.0682079573263668, 3.399000298870006, 4.369186301144041, 3.1639302305593704, 3.418727658966173]",3605.704610109329
12,0.1,200,[4.14460371],"186.86010376675006, 856.3038829530183, 1367.0266390338775, 1862.8343328369322, 2549.2821552298988, 3196.9446723695974",600,"[4.059468965299483, 3.7599235757085196, 4.6927991774576, 2.9619975532602423, 2.860625182246454, 3.4989917616570523, 3.305865368120503, 4.305634720416904, 3.7570335910664703, 3.4828506843492875, 2.8520874476238385, 3.149035537126664, 3.297554970503636, 2.5253695124870807, 4.878308605290827, 4.682931772937871, 6.64930888169288, 4.997432804692127, 4.271975970585629, 3.207630726219539, 2.7695401650568714, 2.843308294778236, 2.850958791750489, 4.638856705636367, 3.3284584416194902, 2.498826221316159, 2.19797022862939, 4.5714008348816115, 4.211586886190485, 4.985620896571953, 4.047812351772314, 3.484834838282168, 3.7793517734958266, 2.5214441612249177, 5.317938216067112, 3.9577415468666413, 3.459938882411086, 3.5063685342033373, 2.726661095240164, 2.411144124971391]",3603.287343263626
13,0.1,200,[3.97354137],"203.90077628271803, 775.5718521250968, 1512.911268125972, 1930.2863703347382, 2481.3669504331765, 3287.1603185474573",600,"[4.638443515921203, 4.259256087490189, 4.95212344418003, 5.358401094630947, 5.524461932937158, 2.743408099932408, 3.4317933073106133, 4.253785527133805, 3.2235743304096656, 2.7886992996678788, 3.058778277856625, 3.537222480643272, 2.500893026550191, 3.29523039568431, 3.905754114075883, 3.078067347279037, 3.3247860007999983, 4.147265018115339, 2.9645214061960568, 2.9914537327441515, 2.948285247988623, 4.284025631622708, 2.7503913282782206, 2.3685454798524517, 4.757321452088053, 4.439712692675137, 2.614193843733558, 2.9560270548254164, 2.721568506007222, 3.8969978029318693, 3.038190540269047, 2.5875215922042605, 3.1713608961745465, 3.7880794733916954, 3.382350940965895, 4.41982645530071, 3.2843949602357805, 2.3294798440697337, 3.163899398410266, 4.039825051124996]",3613.0327689647675
14,0.1,200,[3.73487347],"191.9007385162787, 787.4086863477731, 1479.585706780033, 2114.0234228439767, 2534.1795345038613, 3291.7848013275757",600,"[2.749883269199178, 3.7398946140492977, 4.171629113305112, 3.405259325481942, 2.776498625150296, 4.706973994566005, 5.0271344104949165, 2.9197237857093556, 2.6346467954348696, 3.64161763684045, 5.150116272753002, 2.3061377065817936, 3.4509868099989998, 2.805774728603784, 3.1856243284956753, 3.45137822169015, 2.9980170046723607, 3.0792660576075517, 4.086044715006009, 2.5628242981676608, 2.7251503605612153, 2.518243421117922, 3.5997844588684926, 4.7747482424747645, 2.9433434908385854, 2.5439713076762747, 5.799478281165157, 5.976150881534732, 2.980859751978313, 3.9747654021858594, 2.166777860024452, 4.15207800909631, 3.616221671784421, 3.0566024214952723, 3.5197087511153224, 3.019850596905345, 3.356051720964211, 5.079278604365916, 2.7620016739184563, 3.6476635195792215]",3632.247994184494
15,0.1,200,[4.1300937],"191.49626986322363, 829.6055793804333, 1474.615081255256, 1919.5907226457966, 2648.799704794368, 3020.768786006227",600,"[3.7858725689332364, 3.700245168152603, 3.3294725335009723, 3.0149901977335185, 3.140017830723797, 2.8835476957293875, 3.541139448839134, 3.841483351806297, 2.422002477653106, 3.6731975861093633, 2.456823792563326, 3.698926155184287, 4.475291960116985, 4.36826451997582, 4.495965609275278, 5.009092854448615, 3.112809066091339, 3.9212330026324493, 3.3963103784959947, 3.803408070696319, 4.04782680605176, 2.6088574614085625, 3.2521276624579367, 4.099623938832066, 4.617612277900971, 3.313888250017638, 4.6043420050813415, 3.1173823631823, 3.079756808555463, 3.0741215006129483, 3.7494706997670395, 2.8590497175462155, 4.758016914773301, 2.8127088266236506, 5.1294616114964, 3.436107040794621, 2.8941314912622405, 2.1958724235355964, 4.649898682017161, 4.757030391593105]",3628.3545358181
16,0.1,200,[3.73356392],"216.5950841698036, 804.4823471326035, 1386.8962098741135, 2198.6286209377354, 2636.058007227845, 3241.257136976897",600,"[5.429049380969114, 2.770692819881915, 2.848303955973538, 3.502608561704987, 3.9226986341891674, 4.766168975782458, 3.45634046758208, 4.268782188140602, 4.428507839663354, 4.370470486221223, 4.790539081813165, 3.3648051275794466, 4.043574453565445, 3.980202100078378, 2.118253224430037, 3.340541862952435, 2.9608322357547836, 2.7653653806785963, 3.077417179235721, 3.751558780612878, 2.7690374606312598, 2.19692895177344, 4.01321053350905, 2.481838870279302, 3.5533984254516064, 3.5779499026166954, 2.894026229355968, 3.899418636019539, 4.036943136232457, 2.9071504280012967, 4.1515640754168714, 3.0425970617871254, 3.4554979642735137, 2.987671878871892, 3.046787142355771, 3.779403458214547, 4.314329102559708, 3.818561696280705, 3.9543485161274896, 2.708107740520009]",3609.737018585205
17,0.1,200,[2.98622468],"208.33424605483256, 822.9434108883598, 1309.0362003902198, 1968.4700032248786, 2557.6768820166203, 3162.2216846199453",600,"[3.2940748570802794, 3.9589054483686215, 2.331536495238977, 2.520525147900874, 3.4666712850767287, 3.899684874868038, 2.810116789592076, 3.0606093421015195, 3.564763881662881, 3.8360110640396927, 2.8400351826718513, 3.9293713057924173, 3.2676296199890933, 2.5352364863695613, 2.731654424046873, 4.259903306129439, 3.060063850274684, 4.809683978267653, 3.0784945920409723, 4.504228799082096, 3.4287154492466536, 2.9965526514877046, 4.216402629961249, 3.946779658988405, 3.2519988106963447, 2.7055959110204713, 2.6156931383281816, 4.30824848465016, 3.031600443660068, 2.9850575784347932, 4.657371821925462, 2.993964574982639, 2.6534083625599063, 3.5384920175484145, 3.078994085704961, 3.244949939043823, 3.430787745645894, 3.173726630321387, 2.9146594040435896, 4.512674414847732]",3613.6008217334747
18,0.1,200,[2.43980532],"201.9928928505076, 759.9062719876339, 1398.4298307204479, 2063.9015180090746, 2475.5112515636247, 3182.8668850553886",600,"[2.817797511485075, 5.089301708939493, 5.184284791865069, 4.574235425369694, 4.299232255934918, 3.0232758838392595, 2.6790089759654205, 3.8863920293323737, 2.2985220699062285, 2.988936223158687, 4.134613059084865, 4.723740957295064, 4.993438065026024, 2.8232786257790994, 3.3752640599784534, 3.031407664803152, 6.389318927422645, 3.2203968640268674, 2.160828480394106, 4.657477092187891, 3.7656579426145336, 3.2509820952016604, 2.95378429506491, 4.040866875385244, 4.435975374272971, 4.391572286895937, 2.2061127909359803, 3.8703378618655777, 3.276144455220948, 4.1462497865284575, 4.257346693513366, 3.061083940127557, 3.474880352022916, 4.302692959932106, 2.2918756894913184, 3.5688387126870587, 4.58169341972141, 2.705478825347668, 2.798841834381281, 3.302478887289433]",3611.6642813682556
19,0.1,200,[3.76672092],"191.4404413956989, 831.3445922009887, 1470.9523122549724, 2069.0277271075356, 2457.4677678085427, 3187.1662529464497",600,"[3.873974147712588, 3.087363165847984, 3.439812956268836, 3.462557293426429, 2.8295489153339535, 2.555793943632899, 3.5867207224932334, 3.713466355839539, 2.4854692161359564, 2.839864967265051, 2.4150073021555345, 4.622492816177506, 3.558965193250662, 3.859708020224357, 2.438229728920634, 4.429051799809246, 3.568159539461154, 3.029393035119071, 2.7864971170633095, 4.2574628612129475, 3.895619313108975, 3.612689324723278, 4.099378886578515, 3.370564923186118, 4.497608796116386, 3.273054092857444, 2.709801889318286, 3.343881380815317, 3.2736254889661205, 3.5144258997522417, 4.115050383039491, 3.039698647543232, 4.336749777321143, 2.743355078737334, 4.370508351246897, 3.156186439730492, 5.9453920955068424, 3.432982025565096, 2.5368029903247247, 3.8597210866370646]",3601.2887177467346
20,0.1,200,[3.70114272],"216.5274778508531, 796.6931461048779, 1327.2046076474082, 1926.024050338853, 2575.6713732344406, 3318.2584279287094",600,"[5.2340590575757115, 3.5818061362480416, 2.4944977318692594, 4.074013163177779, 5.12981957445326, 2.9853592063207897, 4.021811619234206, 3.8987690970127367, 4.832917447784522, 2.7670043882732327, 3.0145095314008317, 3.3068005070784254, 3.242092082695673, 2.9600832209390227, 3.970232130409799, 3.418877480581837, 3.241033249363709, 2.942486566868258, 4.125304711288286, 4.6040503962542845, 2.91120719357148, 4.336199285788867, 4.317499766645433, 3.368018754286007, 3.4608836490996016, 2.611598439614567, 2.2641993336901365, 4.597550015488538, 3.6666523621555864, 2.821784564114053, 4.046343062709044, 3.1659296968039086, 2.820087161063405, 2.565280510806323, 5.296393450806688, 3.356694047697452, 3.6468493535906332, 2.548523685606452, 2.377271939148377, 3.4569378957829935]",3616.2442598342896
21,0.1,200,[5.5431779],"208.6407792172957, 816.677192163633, 1357.352631241865, 1840.4106722447436, 2782.143580781549, 2917.6704190556457",600,"[4.403207263639674, 3.9583567387664496, 4.330433509815541, 3.544695301024467, 3.4841751919374664, 2.9784133317502386, 2.6227722209368087, 3.593328327168847, 4.840916423330281, 3.253331974363936, 3.100152714991627, 3.795685672549866, 3.28805758588547, 3.446103398843678, 3.8512150940217387, 2.3940919428781133, 5.026388608487105, 3.0194038050401737, 2.3143442026557444, 4.304292515190689, 2.40488387493012, 4.1882928635585746, 2.1428012825381875, 2.8602028594950326, 3.6667782598786016, 2.4244773325291487, 3.809351985667702, 3.1136119973218808, 3.4497642434905664, 5.023922956363998, 2.892973128814675, 3.277894301568301, 2.5323427185816274, 4.455101964212901, 3.8331687881448975, 3.689484158748025, 4.357970847441315, 3.0152735380260602, 3.750215996302515, 3.266239597260048]",3619.5913298130035
22,0.1,200,[3.49231014],"201.18928636267978, 798.4878202541993, 1376.0127165407332, 1851.067095505046, 2700.5076636445847, 3428.623781964916",600,"[5.011523899531178, 4.396480815582995, 3.557316067621353, 2.6572931252088017, 4.512969787163293, 6.47934150248821, 3.5104245533176193, 2.816536298233178, 3.0682124045681185, 3.2500820032217774, 3.793616974469912, 3.0333801435909478, 4.508666698365979, 3.2742144144490473, 2.8710199835926695, 2.805568160957343, 4.219513438510495, 2.6771887407629458, 3.056730252754789, 3.0521147662029655, 3.7830659167326455, 3.747165866888735, 2.214716187918123, 3.4702060766995038, 3.304647318846223, 3.5386622221213284, 2.868791547879591, 3.9110786859810234, 3.7792698825060107, 4.104154932315902, 2.5525396065471444, 3.421070787364752, 2.584609414911373, 4.627150985964163, 3.614007420390662, 4.578927046023308, 2.5265305610036797, 3.2700805767988, 2.8368903560306795, 3.5025482335440903]",3623.7427308559418
23,0.1,200,[4.90977592],"209.06333072613495, 833.8739428629726, 1362.1665178584747, 2165.2022470836014, 2670.2775218514385, 3424.8723754187045",600,"[3.5801447330001785, 2.607310277174282, 3.1967865918642566, 3.0962822300626973, 4.899483332017271, 2.395458478819953, 3.0352299960453806, 3.7219238278090785, 4.194969966881084, 3.05635114722196, 3.9878527265725863, 3.662472223271023, 2.900421101491737, 4.055712429348475, 2.7068681464991458, 2.332006602327628, 4.514685451161724, 4.891693015344643, 4.024346798468434, 2.96682655479688, 3.4776289797196287, 3.2849881370422165, 3.4736752428174555, 2.7966029166202326, 4.115283340059463, 3.952589231656415, 4.682288755508806, 3.051889705448551, 4.242149223156294, 4.367097423573494, 2.629978569661735, 2.797510631181002, 3.5396293404777097, 3.936263698501446, 3.7490159076458776, 3.7144222717060016, 3.2531544769540672, 2.852148807714659, 2.6954669526233777, 4.9314148037205205]",3615.0599508285522
24,0.1,200,[3.98457596],"181.70002686503355, 777.9479942976924, 1420.5962850284243, 2041.7265552659933, 2547.1365134654634, 2994.871472963517",600,"[2.488740863456041, 3.98772264653309, 2.611043473072374, 5.347856880945009, 2.845263806361652, 5.285304937368818, 2.836323616176532, 4.316401196956838, 3.2052507265182464, 2.7508972567483405, 3.406523449077527, 5.203586038788234, 4.6116782797178715, 4.401246195476543, 2.500777453547875, 2.4035943796779025, 3.5186037108883097, 2.9386928565460724, 4.999926721912457, 3.575836993348164, 2.2856685091818534, 4.0282952600640165, 3.2931620674975144, 3.8676600560396586, 4.90616648926468, 3.012966266009547, 4.042088522323262, 4.838670829652338, 2.65785301788187, 5.549227301956946, 2.826280800429126, 3.6677027598915117, 2.57414535620817, 2.692595802420932, 3.7375808711794565, 5.010473185830412, 3.394578628813057, 2.949537642865235, 3.619598315509358, 3.126964548050048]",3614.599838733673
25,0.1,200,[4.85528871],"191.40795549424774, 803.3735747594613, 1622.8841547434283, 2084.5287912824083, 2548.368353585415, 3273.006216632287",600,"[4.175372010909658, 4.8074275495937755, 3.0922108444430765, 2.9992843851074404, 3.5100980724182294, 5.080154416387061, 3.0477219145969476, 3.063392821706754, 2.79639731030229, 3.2043616432453685, 3.4191820387881786, 3.4829126239420924, 3.9754258720158284, 4.928424804298728, 4.140752568247639, 3.5086997838900325, 2.3500914691444894, 3.1390044641790067, 4.924417109753814, 3.8536386350507126, 4.718427273584138, 2.8414566259199345, 4.057649326696624, 6.385969694628436, 4.117971650245434, 3.732159325300657, 3.735214538585757, 5.247956515688091, 4.051434545281498, 4.956127806926282, 2.4908190083266133, 3.2359336074581875, 2.4187360226422947, 4.448297361609757, 4.297822522689817, 2.854366394566546, 3.090584614135722, 3.240194926382806, 3.8950001164858326, 2.418465514012893]",3629.5739212036133
26,0.1,200,[4.26434606],"181.39104686330563, 831.0550856348375, 1389.7567837042072, 2120.691093295884, 2555.213156792585, 3325.1497667546796",600,"[4.226330850426467, 3.0003417415035214, 3.4747504510619063, 4.455501880997461, 3.427128665389235, 3.69921059137347, 3.132030354358577, 2.719410348332914, 3.8357041545704127, 2.931250944471749, 2.4136642802717563, 4.673566556156589, 2.7099015216674722, 3.4936880682115325, 2.663115091327963, 4.259377295295252, 2.454692424750458, 4.850457650671464, 3.2415399603907074, 4.59876836275744, 3.7685141443946555, 4.796386151472234, 3.4030513593138076, 3.2706190428423456, 3.8546143846120877, 4.303204521106497, 3.0249499125328407, 4.407632447458711, 2.839069418198565, 3.6100930186360918, 4.861823099995506, 3.457682401549734, 4.232890098481303, 3.666261515141533, 3.365482978027991, 2.3460716933073855, 3.431958218820785, 3.283908970983355, 2.974791190749296, 5.39413637579725]",3627.361264705658
27,0.1,200,[2.62734121],"199.49175381787927, 838.2039793904361, 1396.9131897946509, 1950.5287278601033, 2479.441446800904, 3091.087703256642",600,"[2.418813865345382, 2.3333377437543317, 3.420206688314785, 3.564197920087966, 4.657212360983007, 4.3445511179741025, 3.7923203528140075, 3.3677349954819356, 3.5279974724178627, 3.331040418551369, 3.3048363603015227, 5.158139163799284, 2.8157652339596613, 4.1517814731261335, 6.152044062524607, 3.4946311874590266, 3.0479851158141225, 3.764948669518772, 3.6464850230065746, 4.010305486668788, 3.5252842192905676, 3.781784884988743, 2.3567419521563906, 5.291413030049206, 3.6684783882614904, 4.232222831642508, 2.2962255796751725, 5.306865393384942, 4.7214439651791755, 4.570834667389755, 5.132974216900537, 2.6998310846506137, 3.036970540928436, 3.2346370177964476, 2.947352043006911, 2.8651907732340005, 3.528173609748909, 3.618042503034653, 2.9966675904473252, 3.347441653549907]",3621.79403591156
28,0.1,200,[3.50659557],"195.98824621651264, 770.1976200702763, 1453.6284968852171, 2090.797473800297, 2554.5434335059576, 3366.0668454039705",600,"[2.901077908895665, 3.478313370046707, 2.899464350555142, 3.6377343286337642, 3.6206784417540714, 2.9256151883091372, 4.114211407758327, 2.5242065095419046, 3.102488250035602, 3.8044334480324267, 3.2994688997467, 6.206925190147571, 3.182593529772771, 3.1535417241229116, 4.487932263990819, 2.4214979593606634, 4.285396863533057, 3.773221835629588, 3.133689394605031, 2.5455911543656673, 2.802633549129416, 3.1066776375110163, 5.176538238971316, 2.7637936155055893, 4.250428217336226, 3.553928750206266, 4.684819755417015, 3.6143084528861564, 3.157391775783775, 4.034947842371154, 3.3056368199625785, 2.670373915296627, 2.605801639602451, 4.387878503531742, 4.2410649435192305, 3.7118393940949583, 4.509562257906752, 3.8734856782687888, 3.388835906558656, 2.921981363937116]",3605.5913515090942
29,0.1,200,[3.59731927],"208.9748645705407, 788.5471350498158, 1496.3490106542363, 1960.1725933674368, 2689.155315639303, 3307.5962267521845",600,"[2.745668817259393, 3.192924502908762, 3.6326185721423454, 3.1467868881018632, 3.667072021011362, 5.282686628917063, 3.220911656099024, 4.414534461552858, 3.1820345676359616, 3.407997716045715, 2.741793916577163, 4.372235046480562, 3.134532683550201, 4.091839708794358, 2.8855483539752687, 3.8135681957194514, 3.5569327974240563, 4.010628453253563, 4.0541763638131005, 2.419959180104004, 2.976474647694069, 4.416839000739757, 6.745486851224557, 2.6105689008539117, 2.8623528285890236, 4.759939667819986, 3.646712990698196, 3.040024423068989, 3.6890994669770745, 3.320350027503591, 2.478374468121217, 2.679117876541752, 3.1834072549543215, 3.5150477832409357, 5.696904220029751, 2.811703484875153, 4.321107839596889, 4.388212680347843, 2.4767439058286578, 3.5531837831333024]",3606.460759162903
30,0.1,200,[3.75505761],"201.07191070745566, 785.5253409210824, 1456.9898353966923, 2087.7713458928256, 2445.608227522463, 3014.7954239616324",600,"[2.8518948995223306, 2.992934539616262, 3.4069197081815115, 3.6592119207218183, 3.2496603143590193, 4.736788896970805, 3.1883049521587217, 5.291414055877419, 2.9323359851907376, 3.581978792238901, 3.0716777295948647, 3.524791635604054, 3.0373329176833037, 2.763811167902194, 5.506062468624078, 2.473445223278852, 2.6594508101268683, 3.0295228699930563, 4.647120169291966, 2.845109913983337, 2.394213252389097, 2.897236678155879, 4.042251781075303, 3.60480514308182, 3.2081403968976128, 4.968085503907009, 3.4238243061628855, 3.3441497531262447, 4.6035640026849345, 2.44967522946678, 3.739548621483379, 2.727968837571664, 4.518662614274115, 2.677446173594653, 4.029151691193625, 3.8971786240002197, 2.5243044521797047, 3.788541254835296, 3.0515956050117907, 4.167511888195551]",3604.35578083992
31,0.1,200,[4.17222444],"193.4583162724993, 801.3763524588365, 1421.060878379044, 2011.4792303852184, 2482.4783747600636, 2720.2531756810613",600,"[4.865488701020694, 3.458844055195967, 3.6277092380756204, 2.965979682130283, 3.426231045561966, 3.7743245706881705, 5.6022715924498305, 2.572601948732247, 3.9503660512146554, 3.264446430616636, 2.1829196706805485, 3.1224120949271454, 2.7981462641168777, 3.289903778316218, 6.022040214534243, 6.415276945138714, 2.5109271192471168, 2.9580589036887392, 3.5235118770343017, 4.652062034896622, 2.398525408894095, 2.9402492440022256, 4.659086565213478, 2.9422802358916216, 6.598349057946118, 4.6107011650330865, 3.993675022677363, 2.957413071543813, 3.719315563066857, 4.688790917053637, 4.784348262431938, 2.4164521399386674, 2.894808714535188, 2.0963509808292953, 4.384634416542579, 3.1034638098672347, 3.2641214108260885, 3.5176782562893205, 3.6166468365688353, 4.973431474747793]",3629.1386947631836
32,0.1,200,[2.05616285],"203.96623421680556, 780.9637538021896, 1413.6639821427143, 1928.2243711649696, 2636.529294261466, 3264.146438582994",600,"[2.836027993134377, 3.7059649581033813, 2.9450180551387044, 3.3963345268671223, 2.8246833659098427, 3.209887452730255, 3.779518680117735, 3.8639153871011636, 3.860922219494745, 3.5061897318911783, 3.6608733657226913, 3.2174294050177643, 2.618724561832033, 3.323615914883781, 4.018128956726767, 4.499336638238582, 4.332084338538095, 3.9268843120035024, 2.560364801721089, 4.271367901799622, 2.925766431280376, 3.8268694353513797, 2.7353018696178393, 2.752999838224514, 3.3407723375807916, 2.7836829694970677, 4.55264438929323, 3.250317782598636, 2.3668724819938167, 3.7545563196847427, 3.5107244156252255, 3.227847882710304, 3.5913516528303324, 2.7406434474147003, 4.287126459751888, 2.82145644794298, 3.1586809090594516, 2.938495157954979, 2.3856697951382877, 3.856580054207711]",3631.615179538727
33,0.1,200,[3.19110103],"193.07206781638143, 852.4064475721453, 1384.657609043782, 2051.5701860241843, 2521.6482262533473, 3278.205120183142",600,"[2.8490679630432347, 2.7193427053699395, 4.111716385341412, 3.554160072871758, 4.04528153376809, 2.924038616693985, 4.0252243877277785, 2.7613428847683, 3.0171748272675125, 3.9635433485028435, 4.141479411223126, 5.650282860427858, 2.436441691837892, 2.9451327895351525, 3.3717761083620608, 3.4578646970461593, 4.3539540115835615, 4.648178888840055, 2.88232413552816, 3.11377242454968, 2.6065330293100066, 3.1650267441442064, 3.9617236236221243, 3.65935346802755, 3.5385635747539608, 4.373714367002269, 3.2936906806167676, 3.7243567906885136, 3.685712753846991, 3.30517686877496, 3.5011162821268815, 4.304316464841473, 3.3417919314652544, 5.053807935449187, 4.080457955221195, 3.534140739865948, 2.4316549668896306, 3.457976133994542, 5.030667124313803, 3.7146379388257764]",3607.2686116695404
34,0.1,200,[3.29983845],"202.12734166075813, 888.339108320874, 1449.5628291551775, 1928.4706665259885, 2596.909801333807, 3185.3616387432853",600,"[3.1288818779120846, 3.238434059239842, 5.642139920459963, 3.2022549501025117, 3.09316587306261, 3.9905842940344516, 3.034380147633274, 3.4165048552725272, 3.5924118365668063, 3.095807175109466, 3.019518419737666, 3.613266804680032, 2.8319002096084445, 3.2105091957732945, 2.8596739424240236, 4.183913821733337, 5.237140801264056, 4.220115310721589, 3.247001976720257, 3.5192775196380026, 4.4042788962885, 4.0283674144827275, 4.123313275473523, 5.743757390621653, 3.8144184375533032, 2.7125386585765177, 2.190282156636199, 5.716607215018419, 3.1460529075365393, 4.034871571475686, 5.462668434055496, 4.252821527565813, 3.9497474880156456, 3.0998187490098075, 5.537761191029258, 3.3771910694525324, 2.862766003154665, 2.799090443957344, 2.518740112456578, 3.828855036289992]",3610.685794353485
35,0.1,200,[4.21396344],"204.51713632225156, 830.0959461090937, 1586.2650697107727, 1977.6556340890597, 2662.8524540627564, 3277.5664313757156",600,"[3.8257916426532854, 2.3249425275529174, 2.460599728566951, 3.525697865336817, 2.843938860334185, 3.7226947273649773, 4.7716354480439875, 5.404245876363451, 3.451627639296015, 3.575813426837838, 2.6845790871624446, 2.6151654468305328, 4.118577555767729, 3.160812025065354, 5.015327325692944, 3.8662979567056066, 2.6601272113418046, 3.8612632847182997, 2.8735002844950563, 2.361870655832495, 4.905153349419332, 3.4767264188651774, 3.334461284939294, 4.695117213034668, 4.530399903369613, 3.2612428068257233, 2.69197368316183, 4.113479554097377, 3.1445615017379422, 3.41890482158147, 4.5756996907560366, 2.6595337384558952, 2.734683518398116, 3.9821779277045106, 3.6064552273944486, 2.7941239848419515, 3.9909182634323805, 2.767644857045548, 3.354646718042139, 4.498723286281015]",3608.552629709244
36,0.1,200,[3.84957845],"219.21876145582067, 802.1848059050566, 1476.6319799128942, 1914.7801495173603, 2612.6213467396046, 3104.164880876149",600,"[4.370360204883727, 3.731295247050899, 3.500715681902225, 2.680128995953081, 2.902795715606555, 3.1041566466261683, 3.6212332218713303, 3.3306643230944264, 4.517158658528737, 4.092389049576978, 4.376132678702646, 3.9698637437985895, 2.40339970801135, 3.8027851141450077, 3.913463070520406, 3.3387558381205853, 4.891971674361307, 2.585153006891651, 3.0820385813944524, 3.4107228781021495, 2.901274764753072, 3.773701286241157, 4.655719763696663, 5.269786022459248, 2.4790767007589074, 2.916216577936816, 4.856758426165487, 4.29881239030386, 2.6788003390793804, 2.860638918866951, 3.5287364092169557, 3.521432713293936, 3.4275709553121407, 3.867943300803731, 3.5794095265953803, 2.510407652835159, 3.9223426348459305, 4.120310019459863, 3.22703372990145, 2.89186012107926]",3626.198587656021
37,0.1,200,[2.01311881],"197.4843506002092, 795.7538658887987, 1404.2247934646252, 1998.0215459104497, 2637.958493904302, 2930.256458922961",600,"[3.0748984849339926, 2.6331209758257885, 3.5333042454026233, 3.4571953312612744, 2.488993762385293, 3.5039613181019216, 4.189878001631298, 3.2328294973468816, 2.7039906849504414, 2.630789880464759, 3.789884708386191, 3.544165244854193, 3.3376517670280563, 2.694862449027501, 3.4985146852819966, 3.688137514926538, 4.4790298263838295, 3.0241280348969424, 4.200321023710948, 4.189007864445736, 3.3368481032816115, 2.5874229178526065, 3.4845772059414446, 3.8131126711260266, 3.3705909744311535, 3.041540724818478, 4.104341954114128, 2.5576042462140856, 2.365156467690368, 4.73855132494655, 3.111092444643043, 3.9100602100639135, 3.40821741554561, 2.728779197207644, 4.506172241778715, 2.5933080686435983, 3.615893363898126, 2.7830395304101594, 3.973148506716116, 3.1874563663854842]",3614.48219537735
38,0.1,200,[3.39987618],"191.5319809622411, 813.322714870928, 1388.926686728369, 1987.9650159507041, 2827.155406876656, 3060.145227390801",600,"[3.9723553300450454, 2.4757533354498413, 2.996515820367937, 3.8793724487340477, 4.499759966599538, 2.2678684478076576, 2.470672312377291, 4.414050505140981, 3.747382983984954, 3.8682102624450616, 3.3015533905307297, 3.3417930188479996, 2.522875168755233, 3.2989305753349596, 4.813484718021167, 2.8255046615556596, 4.199864639635443, 2.909610578888289, 3.0308922287133497, 3.039272294432253, 2.6597140880919388, 4.1647571102805765, 4.5443144108569, 3.7876858260213506, 2.5876359695449285, 3.3867762033058346, 3.7538463770959183, 2.487723383973193, 2.5907719486154854, 4.511343841474655, 2.522156229136698, 2.7757989794953377, 3.6630238114584617, 3.5132961105781124, 3.733440140663469, 2.7697011984393325, 3.7521608633981423, 3.668542703521455, 4.212273389062441, 2.813635723824857]",3626.094378232956
39,0.1,200,[4.90627694],"204.76784922977583, 780.8250833078887, 1405.4982846596072, 1828.747779383753, 2380.149802284184, 2968.136001460956",600,"[3.3842232336355775, 3.666292312822724, 2.805334587498089, 4.710094193880346, 4.500546293004543, 2.9175964807927364, 2.7149720021286923, 3.2783668291110746, 3.7562947478602524, 2.8101384962244857, 2.9719011007082194, 2.984371120768062, 3.1331447369544865, 3.9846219405879615, 2.961446983240153, 3.0707977727769014, 3.5107869560309877, 3.6544196731828165, 3.464895709274709, 4.714611293737652, 3.0500420301536115, 3.6871543080829774, 3.8073560916473723, 4.031550657147931, 4.254271511367651, 3.4884677710963508, 3.133644305551856, 2.3257333744623705, 2.97568551541139, 4.069526889291021, 3.7271147524637587, 3.1121432023878493, 4.2629914166855025, 3.3997742352480325, 3.5302804897884075, 4.027745390789729, 4.590051810849969, 2.1802608067485574, 3.0055924345397536, 3.1951289583941658]",3607.4875288009644
40,0.1,200,[3.70105232],"214.301170504273, 800.2702402215411, 1337.3295612985744, 2009.7060023725562, 2630.849502917047, 2916.042583073071",600,"[3.43973499326495, 4.599239404425061, 2.698672876948959, 2.768762966342475, 4.093572255607749, 4.483211404146171, 2.1469455855344837, 3.0126045120041414, 3.66506906396756, 3.869185105588901, 2.579670316061478, 4.2191380324198615, 2.87343844639204, 3.3943215779089995, 3.4986529344879567, 4.551738953931902, 4.2181684294416355, 3.1227384475617477, 3.0608340287381024, 2.8041025981954464, 5.398043922469084, 2.955981838290856, 4.629773709226373, 2.660808349022282, 3.3148898962070024, 3.5055427331419553, 4.991352658688636, 4.289450438850462, 4.1545591024389825, 3.982199816204696, 3.973828273975899, 2.9308724805102955, 5.186566245721288, 4.242719751709412, 3.9623936466395273, 3.902877866371025, 3.446436785749345, 3.3668193119645085, 2.7219159822270464, 2.610228524443926]",3622.4535534381866
41,0.1,200,[3.05133739],"197.713106692731, 876.8803321296967, 1397.5867608529288, 2012.5002529857748, 2716.3109866937098, 3126.9232060110867",600,"[3.2299482832003648, 2.9590810709368505, 2.617535411420463, 4.154923562162386, 4.101368407517793, 3.3313042786927816, 3.1011087636035413, 3.5556847126620275, 2.5035941309344647, 3.780654256419437, 2.822093862955497, 3.3056663656476855, 3.0011794849468054, 4.451479320447711, 3.242160897086064, 2.5179756667372715, 4.959394928898115, 2.9997767064125744, 4.478781279963035, 3.7027174477083435, 5.182900870814672, 2.5043475608608, 3.3934717640901146, 2.5446193223780207, 4.576606159766714, 3.5266940823674, 3.335321018065925, 2.426335480416568, 4.336236247022499, 2.941178930750626, 2.8183585162693374, 4.246948777971266, 3.356759986685646, 2.896406130310801, 4.00754518159211, 4.534599216552896, 2.9501450371198517, 2.66085659521074, 3.764476680587473, 3.7238398588545145]",3627.5751366615295
42,0.1,200,[2.59235943],"205.31925294472993, 790.2457229389639, 1373.2960733321904, 1944.795258196397, 2457.27758747334, 3248.584367461712",600,"[3.567707087742301, 4.717733272029145, 4.066558845191217, 2.928990605007183, 3.0080557666759007, 3.029505352632132, 4.540594211367385, 4.116440023184443, 2.7047557236463864, 3.0327777886473584, 4.794181428578415, 2.835358331238899, 3.1650806483012097, 3.700537053824489, 3.350202058483903, 3.6243945913337403, 3.1317879779771745, 2.950330983527277, 3.424775059082226, 3.1143034742954576, 2.9737515625733124, 3.8826466962971287, 2.837129480027892, 2.7285423952195655, 3.903947723496451, 2.7329451389807797, 2.1890706917447815, 4.775507358298781, 4.1059225397225925, 3.7358669494684325, 3.1100523917679213, 3.4630128372495212, 4.517328183321636, 3.736298294052297, 3.6939281352384246, 3.6140011499754654, 3.2403863915043543, 4.303153462900987, 2.767699042740352, 2.5919947699922155]",3602.6711065769196
43,0.1,200,[2.37415606],"210.76784015611872, 781.9671242275031, 1435.7466126977845, 2026.80617532329, 2638.601285185824, 3239.3153191678166",600,"[2.706904588128936, 4.142509225851471, 3.678965356871307, 2.9586379653484505, 2.989869230885618, 4.127324099203695, 3.233747905380894, 4.868347361372134, 2.6796899515389976, 2.5292329643823925, 4.046519455194056, 3.3572156946592506, 2.4007629810054456, 3.0141238327982096, 3.121535363788089, 3.430483519959172, 2.5551624832027833, 3.454282250507909, 3.5988965960940296, 4.526532671286986, 3.77921060651127, 2.228206541735662, 4.556766326567277, 2.8864560021414984, 3.4171111077642333, 3.9921564052091965, 2.376665342076296, 4.183610797716781, 3.483046433367883, 3.6166730333729307, 3.9793185357725465, 3.4651030783444003, 4.577707010246597, 3.7468818502138337, 4.1046336721514445, 3.174844101752436, 3.410419693891072, 2.804294680607024, 4.8133973348622705, 3.8578323360057216]",3622.202213048935
44,0.1,200,[1.76789031],"202.87361419773134, 811.1164250319607, 1446.0851760975593, 2005.78612271933, 2617.0469221649364, 3086.5847563699617",600,"[2.808656126220426, 4.660962727729024, 2.3636172988154587, 3.316311270665622, 3.35142768510695, 3.7902972491483853, 2.753118039543312, 3.7380126576190693, 3.0384099695119975, 2.4737431008208124, 4.02632647695612, 3.109547093312928, 4.273884023468331, 3.1076252209040285, 3.340720386258119, 3.0881891242502855, 3.765003347867056, 4.301153775556621, 5.198151425485613, 3.3132885646634826, 3.009273859474627, 3.0395426477073593, 4.062077538371861, 2.9023028398810142, 3.388319545288303, 4.202841833941897, 2.952292743243537, 2.824184734723291, 2.5446150537640775, 3.802644074279686, 2.6881394215499967, 2.7523547947460187, 3.441620350125819, 3.9708299567397765, 2.384567331151244, 3.196860742812609, 4.615062661055728, 2.961349099370517, 3.0662807596891217, 3.0234206578153193]",3619.662668943405
45,0.1,200,[3.05063404],"195.57668908241914, 869.0160124977878, 1371.5919993156729, 1911.649634229455, 2621.9814440265036, 3194.462532862696",600,"[2.83114005797548, 2.932432427944114, 4.038444051365544, 4.708716433544264, 3.7032420173996674, 4.187688226025555, 3.0726135125649026, 3.8760891324395548, 3.765549835521317, 2.6632236825449347, 3.8119474402025757, 3.126096357035526, 3.0036987105758697, 3.1178656568252285, 3.2837361860478667, 3.5820410307001276, 4.996388135096672, 3.769571335235848, 2.1119518495199707, 4.259440148057554, 5.391667668273791, 4.517321960221597, 2.8761353105983805, 2.3915060267570833, 3.2463886138092692, 3.7020478683467437, 2.722705315741969, 4.737574456726295, 2.589802983442231, 5.539121011598337, 4.136591855996171, 3.8745830273150146, 4.274106574298816, 3.1596764668077593, 3.011604053516982, 3.5855655677482594, 4.220135075372015, 4.338404780160047, 2.4546388253210516, 3.061902829449397]",3633.1508243083954
46,0.1,200,[2.93444396],"196.32850866461845, 808.0699432171705, 1431.3153645008667, 1915.019576322312, 2658.887083458968, 3007.6334584625597",600,"[4.990387159871455, 2.3597333133353686, 2.4567772211178465, 3.101967428084769, 4.1180894347990185, 2.989238133452046, 3.4169633164094653, 3.980750877201327, 2.811329370745158, 3.255396157579821, 2.51881103244797, 3.783119709251049, 3.0369799957332746, 4.703796801014792, 3.0427732969625843, 4.763638413986946, 2.341510711861025, 2.323408995351897, 3.968337236366573, 4.269892589018719, 4.081642351067114, 4.771543142683868, 3.2637342944827643, 2.888786538233156, 2.633532270472393, 2.6063957313898505, 4.231886034085183, 3.454298139282631, 2.7457115233332736, 4.246274201963002, 2.551693944464725, 4.027047129115016, 3.620216153108716, 3.5801443837212616, 3.1115143077412655, 2.517782233258891, 4.077348091251821, 5.400198647485193, 3.752372189980105, 3.312837847745627]",3609.6760540008545
47,0.1,200,[2.72786394],"204.87624578491145, 780.1068464164181, 1329.0184897681684, 1982.048465917521, 2641.875218314305, 3076.347307636336",600,"[3.36607224598322, 3.2209366492955316, 4.049488410414304, 3.7474234170151415, 3.045899048502777, 3.849883392581303, 4.352340592823777, 2.488992415633794, 3.4996073179433105, 2.9445339204224656, 3.5041413584132868, 2.759122543226222, 2.8378098854706337, 3.965293020752077, 2.7016792985765834, 2.884729589418279, 3.545414560192589, 5.054931597031076, 2.6577438039475334, 3.8180590119149267, 3.5977789291012945, 4.173641102886673, 3.6588130264754954, 2.728592431873549, 3.1762061832301995, 3.5035739235443706, 3.682881156959897, 2.8025553341273013, 5.955342772503454, 6.136783471851067, 3.3909185688750187, 4.63942654531166, 3.5064957142181448, 2.777167405188224, 2.6883655669090265, 3.0990387238973134, 3.495411628779646, 5.008413146436409, 2.1699948455233855, 4.698707503715819]",3603.8108224868774
48,0.1,200,[3.73289251],"202.97715708563268, 792.6881263701118, 1301.8699234388787, 1835.413971001524, 2505.4051638545993, 3164.2260236609904",600,"[3.8762517223365056, 2.58446787899212, 3.832760419494046, 2.8342984800445747, 2.871038255303065, 3.5295296140260217, 4.281945451142051, 2.5685283689960716, 3.9014269244868527, 2.298067108191613, 4.388966032916907, 2.4284625229244856, 4.045829836108365, 2.8004319943214773, 2.658713614410424, 3.574428597786985, 3.1728655901126865, 2.73226187432898, 3.8954003896003555, 3.0287270413008653, 3.4814373698207106, 2.8037286824998873, 2.830590720358606, 4.425139407352623, 2.5038206914233627, 4.221596426906118, 3.9585955389244845, 3.3082066009490543, 2.8317896360376396, 3.317154940177222, 3.7525404851299853, 2.792239136433394, 2.4794503097164866, 2.672890562755176, 3.673390986345181, 3.6801942245911436, 3.983307120646999, 3.484398183272977, 3.0025419827656314, 3.425388959749255]",3634.892648458481
49,0.1,200,[2.95547373],"207.5828948121368, 795.2058515200488, 1347.426840874674, 1927.144240815109, 2541.623218039691, 3081.6367379548083",600,"[4.409874624026085, 3.598891025648626, 4.749808694424253, 4.276878514630216, 4.377654993788845, 2.4146506052738776, 4.1277835993052046, 3.839003549278478, 2.9629601723187093, 2.9558509394980166, 3.6334360714179574, 2.486230331460632, 3.6250846415855036, 3.148937140420423, 3.2898703556014346, 4.728532757898438, 3.975808649014815, 2.2301753717277766, 2.414149449179227, 3.036978604409423, 3.5531185138477426, 4.835526999768074, 2.9619623515262665, 4.170098602016269, 2.4920817789657805, 2.7974213272954245, 4.330848432905381, 2.9931614930995423, 3.855247111007497, 3.3815752948477833, 3.5201009879511376, 3.2700442132764347, 4.500482408548033, 3.3477634296128596, 3.289329042021899, 2.807428677056925, 3.3577375676653287, 3.907215662865716, 2.7590261102859706, 2.9977594309725593]",3613.1293630599976
